{"cameraMode":{"drawMode":0,"name":"Shaded","section":"Shading Mode"},"sceneLighting":false,"audioPlay":false,"sceneViewState":{"m_AlwaysRefresh":false,"showFog":true,"showSkybox":false,"showFlares":true,"showImageEffects":true,"showParticleSystems":true,"showVisualEffectGraphs":true,"m_FxEnabled":true},"in2DMode":false,"pivot":{"x":0.13012275099754334,"y":0.27137887477874758,"z":0.780389130115509},"rotation":{"x":-0.11611750721931458,"y":0.8719971776008606,"z":-0.4040278196334839,"w":-0.2512592673301697},"size":0.9049965143203735,"orthographic":false}