{"cameraMode":{"drawMode":0,"name":"Shaded","section":"Shading Mode"},"sceneLighting":false,"audioPlay":false,"sceneViewState":{"m_AlwaysRefresh":false,"showFog":true,"showSkybox":false,"showFlares":true,"showImageEffects":true,"showParticleSystems":true,"showVisualEffectGraphs":true,"m_FxEnabled":true},"in2DMode":false,"pivot":{"x":0.4062461853027344,"y":-0.48226165771484377,"z":11.633865356445313},"rotation":{"x":-0.10662012547254563,"y":0.00033228733809664845,"z":-0.00019262496789451689,"w":-0.994396448135376},"size":7.680465221405029,"orthographic":false}