{"cameraMode":{"drawMode":0,"name":"Shaded","section":"Shading Mode"},"sceneLighting":false,"audioPlay":false,"sceneViewState":{"m_AlwaysRefresh":false,"showFog":true,"showSkybox":false,"showFlares":true,"showImageEffects":true,"showParticleSystems":true,"showVisualEffectGraphs":true,"m_FxEnabled":true},"in2DMode":false,"pivot":{"x":1.1920928955078126e-7,"y":1.8895275592803956,"z":-0.0633414089679718},"rotation":{"x":-0.13997189700603486,"y":0.6947783827781677,"z":-0.14074565470218659,"w":-0.6913913488388062},"size":1.4478952884674073,"orthographic":false}