{"cameraMode":{"drawMode":0,"name":"Shaded","section":"Shading Mode"},"sceneLighting":false,"audioPlay":false,"sceneViewState":{"m_AlwaysRefresh":false,"showFog":true,"showSkybox":false,"showFlares":true,"showImageEffects":true,"showParticleSystems":true,"showVisualEffectGraphs":true,"m_FxEnabled":true},"in2DMode":false,"pivot":{"x":-0.6358696222305298,"y":0.8617615103721619,"z":-0.44046124815940859},"rotation":{"x":-0.20877721905708314,"y":0.1968141347169876,"z":-0.043140485882759097,"w":-0.9570913314819336},"size":1.5659698247909547,"orthographic":false}