{"cameraMode":{"drawMode":0,"name":"Shaded","section":"Shading Mode"},"sceneLighting":false,"audioPlay":false,"sceneViewState":{"m_AlwaysRefresh":false,"showFog":true,"showSkybox":false,"showFlares":true,"showImageEffects":true,"showParticleSystems":true,"showVisualEffectGraphs":true,"m_FxEnabled":true},"in2DMode":false,"pivot":{"x":0.14796572923660279,"y":-0.056316837668418887,"z":-0.4330906569957733},"rotation":{"x":-0.2360241711139679,"y":-0.06668936461210251,"z":0.01607191562652588,"w":-0.9694159626960754},"size":0.6670176386833191,"orthographic":false}